{"name":"0c94c111-42e2-44ec-b29e-4f996413e9bf","id":"/providers/Microsoft.Flow/flows/0c94c111-42e2-44ec-b29e-4f996413e9bf","type":"Microsoft.Flow/flows","properties":{"apiId":"/providers/Microsoft.PowerApps/apis/shared_logicflows","displayName":"Automate Daily Report","definition":{"metadata":{"workflowEntityId":null,"processAdvisorMetadata":null,"flowChargedByPaygo":null,"flowclientsuspensionreason":"None","flowclientsuspensiontime":null,"flowclientsuspensionreasondetails":null,"creator":{"id":"a3f925c7-856a-4842-97ab-55c6942233d8","type":"User","tenantId":"18099e4f-4a29-4326-9e43-6de5e57b056f"},"provisioningMethod":"FromDefinition","failureAlertSubscription":true,"clientLastModifiedTime":"2025-09-28T07:48:56.8676297Z","connectionKeySavedTimeKey":"2025-09-28T07:48:56.8676297Z","creationSource":"Portal","modifiedSources":"Portal"},"$schema":"https://schema.management.azure.com/providers/Microsoft.Logic/schemas/2016-06-01/workflowdefinition.json#","contentVersion":"1.0.0.0","parameters":{"$authentication":{"defaultValue":{},"type":"SecureObject"},"$connections":{"defaultValue":{},"type":"Object"}},"triggers":{"Recurrence":{"recurrence":{"interval":1,"frequency":"Day","timeZone":"India Standard Time","schedule":{"hours":["18"]}},"type":"Recurrence"}},"actions":{"Get_items":{"runAfter":{},"metadata":{"operationMetadataId":"ff3d31e9-3fb4-41a8-a1e6-65f9beb9495d"},"type":"OpenApiConnection","inputs":{"parameters":{"dataset":"https://powerprojects94.sharepoint.com/sites/EmployeeLeaves","table":"f0d22bbe-c3eb-4b14-9afc-0643f9ec1f70","$top":2},"host":{"apiId":"/providers/Microsoft.PowerApps/apis/shared_sharepointonline","connectionName":"shared_sharepointonline","operationId":"GetItems"},"authentication":"@parameters('$authentication')"}},"Create_HTML_table":{"runAfter":{"Get_items":["Succeeded"]},"metadata":{"operationMetadataId":"9265e7b5-7e11-43a6-8984-3241a96ecf3e"},"type":"Table","inputs":{"from":"@outputs('Get_items')?['body/value']","format":"HTML","columns":[{"header":"Title","value":"@item()?['Title']"},{"header":"Status","value":"@item()?['Status/Value']"},{"header":"By","value":"@item()?['AssignTo']"}]}},"Send_email_(V2)":{"runAfter":{"Compose":["Succeeded"]},"type":"OpenApiConnection","inputs":{"parameters":{"emailMessage/To":"ghatakmeghna94@gmail.com","emailMessage/Subject":"Daily Report - @{formatDateTime(utcNow(),'dd-MM-yyyy')}","emailMessage/Body":"<p class=\"editor-paragraph\">Here is my today's report</p><p class=\"editor-paragraph\"><br>@{outputs('Compose')}<br></p><br>"},"host":{"apiId":"/providers/Microsoft.PowerApps/apis/shared_gmail","connectionName":"shared_gmail","operationId":"SendEmailV2"},"authentication":"@parameters('$authentication')"}},"Compose":{"runAfter":{"Create_HTML_table":["Succeeded"]},"type":"Compose","inputs":"@replace(\r\n    body('Create_HTML_table'),\r\n    '<table>',\r\n    '<table border=\"1\" cellpadding=\"6\" style=\"border-collapse:collapse;font-family:Arial;font-size:13px;\">'\r\n)\r\n"}},"outputs":{}},"connectionReferences":{"shared_sharepointonline":{"connectionName":"c5024e2d88174904aa55954b098f112a","source":"Embedded","id":"/providers/Microsoft.PowerApps/apis/shared_sharepointonline","tier":"NotSpecified","apiName":"sharepointonline","isProcessSimpleApiReferenceConversionAlreadyDone":false},"shared_gmail":{"connectionName":"shared-gmail-0683b8ea-3ac0-40d7-a5d5-b4a82f5f073b","source":"Embedded","id":"/providers/Microsoft.PowerApps/apis/shared_gmail","tier":"NotSpecified","apiName":"gmail","isProcessSimpleApiReferenceConversionAlreadyDone":false}},"flowFailureAlertSubscribed":false,"isManaged":false}}